Time (s),Filtre IIR 1/PRESSION 1/IIR filter - U34609-009 (bar),Formules simples 2/PRESSION 2 - U34609-021 (bar),Formules simples 3/PRESSION 3 - U34609-022 (bar)
13.14043000,-0.57003927230835,-2.21285057067871,-2.63233804702759
13.14044000,-0.563703775405884,-2.25898623466492,-2.46707940101624
13.14045000,-0.562341868877411,-2.221271276474,-2.1748673915863
13.14046000,-0.554414391517639,-2.32830834388733,-2.31652641296387
13.14047000,-0.551901698112488,-2.08731174468994,-2.44407248497009
13.14048000,-0.550104260444641,-2.13504862785339,-2.50906109809875
