Time (s),Filtre IIR 1/PRESSION 1/IIR filter - U34609-009 (bar),Formules simples 2/PRESSION 2 - U34609-021 (bar),Formules simples 3/PRESSION 3 - U34609-022 (bar)
15.51539000,-0.0724401846528053,0.92069673538208,-1.09698045253754
15.51540000,-0.0574903823435307,1.02826750278473,-0.995761811733246
15.51541000,-0.0476386547088623,0.95076197385788,-0.924724876880646
15.51542000,-0.0443177781999111,1.11887836456299,-0.966172933578491
15.51543000,-0.0478184074163437,1.17788219451904,-1.0763453245163
15.51544000,-0.0564763583242893,1.08448421955109,-1.05914950370789