{
  "benchmark_date": "2025-10-18 20:39:27",
  "image_directory": "images",
  "total_images": 123,
  "SPHORB": {
    "detector": "SPHORB",
    "total_images": 123,
    "total_runs": 369,
    "runs_per_image": 3,
    "avg_time_ms": 78.6805222087029,
    "std_time_ms": 5.901971139368873,
    "min_time_ms": 65.94018599935225,
    "max_time_ms": 115.19688599946676,
    "median_time_ms": 78.01608600129839,
    "avg_keypoints": 515.2764227642276,
    "std_keypoints": 5.705938730557853,
    "min_keypoints": 503,
    "max_keypoints": 531,
    "median_keypoints": 515.0
  },
  "OpenCV_ORB": {
    "detector": "ORB",
    "total_images": 123,
    "total_runs": 369,
    "runs_per_image": 3,
    "avg_time_ms": 36.80834851494111,
    "std_time_ms": 3.6963481939869776,
    "min_time_ms": 29.780385999401915,
    "max_time_ms": 58.6810280001373,
    "median_time_ms": 36.48990200053959,
    "avg_keypoints": 500.0,
    "std_keypoints": 0.0,
    "min_keypoints": 500,
    "max_keypoints": 500,
    "median_keypoints": 500.0
  },
  "comparison": {
    "speedup_ratio": 2.1375727350757177,
    "target_speedup": 3.0,
    "target_time_ms": 26.226840736234298
  }
}