{
  "benchmark_date": "2025-10-18 21:14:40",
  "image_directory": "images",
  "total_images": 123,
  "SPHORB": {
    "detector": "SPHORB",
    "total_images": 123,
    "total_runs": 369,
    "runs_per_image": 3,
    "avg_time_ms": 84.30159978860105,
    "std_time_ms": 9.092795464830822,
    "min_time_ms": 64.17670299924794,
    "max_time_ms": 144.76148600078886,
    "median_time_ms": 82.8002580019529,
    "avg_keypoints": 515.2764227642276,
    "std_keypoints": 5.705938730557853,
    "min_keypoints": 503,
    "max_keypoints": 531,
    "median_keypoints": 515.0,
    "avg_memory_mb": 0.26551913956639567,
    "std_memory_mb": 4.782493749046764,
    "max_memory_mb": 90.5
  },
  "OpenCV_ORB": {
    "detector": "ORB",
    "total_images": 123,
    "total_runs": 369,
    "runs_per_image": 3,
    "avg_time_ms": 39.92064146613546,
    "std_time_ms": 4.149678137863865,
    "min_time_ms": 32.73418300159392,
    "max_time_ms": 64.47163900156738,
    "median_time_ms": 39.15753600085736,
    "avg_keypoints": 500.0,
    "std_keypoints": 0.0,
    "min_keypoints": 500,
    "max_keypoints": 500,
    "median_keypoints": 500.0,
    "avg_memory_mb": 0.014883976964769648,
    "std_memory_mb": 0.2035421829456139,
    "max_memory_mb": 3.125
  },
  "comparison": {
    "speedup_ratio": 2.111729588817199,
    "target_speedup": 3.0,
    "target_time_ms": 28.100533262867017
  }
}