{
  "benchmark_date": "2025-10-18 21:10:47",
  "image_directory": "images",
  "total_images": 123,
  "SPHORB": {
    "detector": "SPHORB",
    "total_images": 123,
    "total_runs": 369,
    "runs_per_image": 3,
    "avg_time_ms": 79.05248310316769,
    "std_time_ms": 6.356644577642078,
    "min_time_ms": 65.8073400009016,
    "max_time_ms": 127.88364999869373,
    "median_time_ms": 78.48016400021152,
    "avg_keypoints": 515.2764227642276,
    "std_keypoints": 5.705938730557853,
    "min_keypoints": 503,
    "max_keypoints": 531,
    "median_keypoints": 515.0,
    "avg_memory_mb": 0.2640582655826558,
    "std_memory_mb": 4.782651392990724,
    "max_memory_mb": 90.5
  },
  "OpenCV_ORB": {
    "detector": "ORB",
    "total_images": 123,
    "total_runs": 369,
    "runs_per_image": 3,
    "avg_time_ms": 37.51906320061248,
    "std_time_ms": 3.7055936828327747,
    "min_time_ms": 30.000089001987362,
    "max_time_ms": 57.587090002925834,
    "median_time_ms": 37.195575998339336,
    "avg_keypoints": 500.0,
    "std_keypoints": 0.0,
    "min_keypoints": 500,
    "max_keypoints": 500,
    "median_keypoints": 500.0,
    "avg_memory_mb": 0.008468834688346883,
    "std_memory_mb": 0.1624604174563929,
    "max_memory_mb": 3.125
  },
  "comparison": {
    "speedup_ratio": 2.106995120866376,
    "target_speedup": 3.0,
    "target_time_ms": 26.350827701055895
  }
}