{
    "mass": 157,
    "level-specific": {
        "gs=X": {
            "v=0": {
                "N=1": {
                    "gfac": 	[-0.5096, 	0.0, 		0.9964, 	0.5005],
                    "HFfreq": 	[-94.9467,	-67.0111,	22.5475,	56.5648],
                    "QuNrs": {
                        "J": 	[0.5, 		0.5,		1.5,		1.5],
                        "F": 	[1,			0,			1, 			2 ]
                    }
                }
            }
        },
        "exs=A": {
            "v=0": {
                "J=0.5": {
                    "gfac": 	[0.0,		-0.1859],
                    "HFfreq": 	[-17.131,		0.0],
                    "QuNrs": {
                        "F": 	[0,			1]
                    }
                }
            },
            "Gamma": 2.8421
        },
        "exs=B": {
            "v=0": {
                "N=0": {
                    "gfac": 	[0.0,		0.0],
                    "HFfreq": 	[0.0,		0.0],
                    "QuNrs": {
						"J": 	[0.5,		0.5],
                        "F": 	[0,			1  ]
                    }
                }
            },
            "Gamma": 3.817
        }
    },
    "transition-specific": {
        "gs=X <- exs=A": {
            "vibrbranch": [
                [0.96748,	0.04107, 	0.0005 ],
                [0.03164, 	0.89385, 	0.08245],
                [ 0.00087, 	0.06238, 	0.81959],
                [ 9.76e-06,	0.00266,	0.09194],
                [ 1.2e-07, 	4e-05,		0.0054]
            ],
            "vibrfreq": [
                [859.83,	828.903, 	800.36 ],
                [895.699, 	862.188,	831.35],
                [934.37,	897.961, 	864.561],
                [976.181,	936.51,		900.238],
                [1021.52,	978.165,	938.663]
            ],
            "QuNrs_rows": {
                "v": [0, 1, 2, 3, 4]
            },
            "QuNrs_cols": {
                "v": [0, 1, 2]
            },
            "v=0 <- v=0": {
                "N=1 <- J=0.5": {
                    "dMat_red": [
						[-0.621918, -1.222976],
						[ 0.0     , -0.815359],
						[ 0.783083, -0.065784],
						[ 0.0     , -0.913887]
					],
                    "QuNrs_rows": {
                        "J": [0.5, 	0.5, 	1.5,	1.5],
                        "F": [1,	0,		1,		2]
                    },
                    "QuNrs_cols": {
                        "F": [0, 	1]
                    }
                }
            }
        },
        "gs=X <- exs=B": {
            "vibrbranch": [
                [0.83685,	0.18010, 	0.02113],
                [0.14978, 	0.53525, 	0.29246],
                [0.01271, 	0.24754, 	0.31573],
                [0.00064,	0.03456,	0.30235],
                [0.00002, 	0.00244,	0.06222]
            ],
            "vibrfreq": [
                [712.242,	691.504, 	672.104],
                [736.680, 	714.516,	693.822],
                [762.640,	738.911, 	716.802],
                [790.266,	764.816,	741.155],
                [819.723,	792.373,	767.004]
            ],
            "QuNrs_rows": {
                "v": [0, 1, 2, 3, 4]
            },
            "QuNrs_cols": {
                "v": [0, 1, 2]
            },
            "v=0 <- v=0": {
                "N=1 <- N=0": {
                    "dMat_red": [
						[ 0.7831, -0.6219],
						[ 0.0   , -0.5774],
						[ 0.6219, 0.7831],
						[ 0.0   , 1.291 ]
                    ],
                    "QuNrs_rows": {
                        "J": [0.5, 	0.5, 	1.5, 	1.5],
                        "F": [1,	0,		1, 		2  ]
                    },
                    "QuNrs_cols": {
						"J": [0.5,	0.5],
                        "F": [0, 	1  ]
                    }
                }
            }
        }
    }
}