{
    "mass": 59,
	
    "level-specific": {
        "gs=X": {
            "v=0": {
                "N=1": {
                    "gfac": 	[0.0, 		-0.297920, 	0.798513, 	0.500453],
                    "HFfreq": 	[-22.3, 	-97.6,	 	23.9,	 	48.8],
                    "QuNrs": {
                        "J": 	[0.5, 		0.5,		1.5,		1.5],
                        "F": 	[0,			1,			1, 			2 ]
                    }
                }
            }
        },
        "exs=A": {
            "v=0": {
                "J=0.5": {
                    "gfac": 	[0.0,		-0.021],
                    "HFfreq": 	[-2.75,		0.0],
                    "QuNrs": {
                        "F": 	[0,			1]
                    }
                }
            },
            "Gamma": 8.29
        },
        "exs=B": {
            "v=0": {
                "N=0": {
                    "gfac": 	[0.0,		1],
                    "HFfreq": 	[-20.0,		0.0],
                    "QuNrs": {
                        "J": 	[0.5, 		0.5],
                        "F": 	[0,			1]
                    }
                }
            },
            "Gamma": 6.34
        }
    },
	
    "transition-specific": {
        "gs=X <- exs=A": {
            "vibrbranch": [
                [0.978,		0.0223, 	1.74e-5,	4.22e-7],
                [0.0216, 	0.935,  	0.0435 ,	4.58e-5],
                [0.000711, 	0.0407, 	0.895  ,	0.636],
                [2.67e-5,	0.00201,	0.00575,	0.858],
                [1.11e-6, 	0.0001,		0.0038 ,	0.0723]
            ],
            "vibrfreq": [
                [606.3376, 585.4488, 566.1455, 548.2567],
				[628.5507, 606.1316, 585.4645, 566.3546],
				[652.2087, 628.1025, 605.9374, 585.491 ],
				[677.4556, 651.4842, 627.6694, 605.7566],
				[704.4555, 676.4156, 650.779 , 627.2531]
            ], 
            "QuNrs_rows": {
                "v": [0, 1, 2, 3, 4]
            },
            "QuNrs_cols": {
                "v": [0, 1, 2, 3]
            },
            "N=1 <- J=0.5": {
				"dMat_red": [
						[-0.237137,  1.139129],
						[ 0.0     ,  0.816457],
						[ 0.971476, -0.449875],
						[ 0.0     ,  0.912904]
					],
                    "QuNrs_rows": {
                        "J": [0.5, 	0.5, 	1.5,	1.5],
                        "F": [1,	0,		1,		2]
                    },
                    "QuNrs_cols": {
                        "F": [0, 	1]
					}
            }
        },
		"gs=X <- exs=B": {
            "vibrbranch": [
				[0.998,     0.00195,   1.66e-5,   1.16e-6],
                [0.00192,   0.993,     0.00457,   4.11e-5],
                [5.02e-5,   0.00442,   0.988,     0.00792],
                [2.97e-8,   0.000157,  0.00757,   0.98   ],
                [3.39e-9,   7.98e-8,   0.000326,  0.0114 ]
            ],
            "vibrfreq": [
                [530.9985, 515.5013, 501.0386, 487.5113],
			    [547.9573, 531.4697, 516.1105, 501.7688],
			    [565.8510, 548.2863, 531.9547, 516.7319],
			    [584.7578, 566.0192, 548.6308, 532.4532],
			    [604.7653, 584.7443, 566.2053, 548.9908]
            ],
            "QuNrs_rows": {
                "v": [0, 1, 2, 3, 4]
            },
            "QuNrs_cols": {
                "v": [0, 1, 2, 3]
            },
            "N=1 <- N=0": {
				"dMat_red": [
						[ 0.971476,  0.237105],
						[ 0.0     ,  0.577502],
						[ 0.237137, -0.971349],
						[ 0.0     , -1.291028]
				],
				"QuNrs_rows": {
					"J": [0.5, 	0.5, 	1.5,	1.5],
					"F": [1,	0,		1,		2]
				},
				"QuNrs_cols": {
					"F": [0, 	1]
				}
            }
        }
    }
}