{
    "mass": 245,
    "level-specific": {
        "gs=X": {
            "v=0": {
                "N=1": {
                    "gfac": [
                        -0.46865,
                        0.0,
                        0.969166,
                        0.500492
                    ],
                    "HFfreq": [
                        0.0,
                        32.867973,
                        248.303828,
                        301.635476
                    ],
                    "QuNrs": {
                        "J": [
                            0.5,
                            0.5,
                            1.5,
                            1.5
                        ],
                        "F": [
                            1,
                            0,
                            1,
                            2
                        ]
                    }
                }
            }
        },
        "exs=A": {
            "v=0": {
                "J=0.5": {
                    "gfac": [
                        -0.000333,
                        -0.0
                    ],
                    "HFfreq": [
                        0.0,
                        0.0
                    ],
                    "QuNrs": {
                        "F": [
                            1,
                            0
                        ]
                    }
                }
            },
            "Gamma": 3.1830988618379066
        }
    },
    "transition-specific": {
        "gs=X <- exs=A": {
            "v=0 <- v=0": {
                "N=1 <- J=0.5": {
                    "dMat_red": [
                        [
                            -1.211692,
                            -0.690085
                        ],
                        [
                            -0.816497,
                            0.0
                        ],
                        [
                            -0.178332,
                            0.723728
                        ],
                        [
                            -0.912871,
                            0.0
                        ]
                    ],
                    "QuNrs_rows": {
                        "J": [
                            0.5,
                            0.5,
                            1.5,
                            1.5
                        ],
                        "F": [
                            1,
                            0,
                            1,
                            2
                        ]
                    },
                    "QuNrs_cols": {
                        "F": [
                            1,
                            0
                        ]
                    }
                }
            },
            "vibrbranch": [
                [
                    0.996,
                    0.004
                ],
                [
                    0.004,
                    0.988
                ],
                [
                    1e-05,
                    0.008
                ],
                [
                    1e-06,
                    3e-05
                ]
            ],
            "vibrfreq": [
                [
                    752.76,
                    729.04
                ],
                [
                    778.453,
                    753.113
                ],
                [
                    805.745,
                    778.628
                ],
                [
                    834.787,
                    805.715
                ]
            ],
            "QuNrs_rows": {
                "v": [
                    0,
                    1,
                    2,
                    3
                ]
            },
            "QuNrs_cols": {
                "v": [
                    0,
                    1
                ]
            }
        }
    }
}