{
  "model_name": "win_probability_spread",
  "version": "0.1.0",
  "trained_date": "2025-10-18T16:19:29.239399",
  "training_seasons": [
    1999,
    2000,
    2001,
    2002,
    2003,
    2004,
    2005,
    2006,
    2007,
    2008,
    2009,
    2010,
    2011,
    2012,
    2013,
    2014,
    2015,
    2016,
    2017,
    2018,
    2019,
    2020,
    2021,
    2022,
    2023,
    2024,
    2025
  ],
  "calibration_error": 0.0055769383508753765,
  "additional_metrics": {
    "log_loss": 0.48206862134050976,
    "accuracy": 0.7495331019262089,
    "calibration_by_quarter": {
      "Q1": 0.0048486897249656715,
      "Q2": 0.006130086120593527,
      "Q3": 0.006408379537812716,
      "Q4": 0.004900456290250785
    }
  }
}