{"accuracy": 0.9070631970260223, "precision": 0.8872505301543889, "recall": 0.8591489752780075, "f1": 0.8718559451219512}