{"meta": {"format": 3, "version": "7.10.6", "timestamp": "2025-09-17T16:29:27.064226", "branch_coverage": true, "show_contexts": false}, "files": {"src/ai_lsp/__init__.py": {"executed_lines": [1, 3], "summary": {"covered_lines": 1, "num_statements": 1, "percent_covered": 100.0, "percent_covered_display": "100", "missing_lines": 0, "excluded_lines": 0, "num_branches": 0, "num_partial_branches": 0, "covered_branches": 0, "missing_branches": 0}, "missing_lines": [], "excluded_lines": [], "executed_branches": [], "missing_branches": [], "functions": {"": {"executed_lines": [1, 3], "summary": {"covered_lines": 1, "num_statements": 1, "percent_covered": 100.0, "percent_covered_display": "100", "missing_lines": 0, "excluded_lines": 0, "num_branches": 0, "num_partial_branches": 0, "covered_branches": 0, "missing_branches": 0}, "missing_lines": [], "excluded_lines": [], "executed_branches": [], "missing_branches": []}}, "classes": {"": {"executed_lines": [1, 3], "summary": {"covered_lines": 1, "num_statements": 1, "percent_covered": 100.0, "percent_covered_display": "100", "missing_lines": 0, "excluded_lines": 0, "num_branches": 0, "num_partial_branches": 0, "covered_branches": 0, "missing_branches": 0}, "missing_lines": [], "excluded_lines": [], "executed_branches": [], "missing_branches": []}}}, "src/ai_lsp/main.py": {"executed_lines": [1, 2, 3, 4, 6, 7, 8, 26, 27, 28, 29, 31, 34, 36, 37, 39, 47, 48, 49, 52, 53, 54, 57, 60, 61, 62, 63, 66, 67, 68, 69, 70, 73, 74, 77, 78, 79, 80, 81, 82, 83, 84, 86, 120, 122, 126, 127, 130, 131, 132, 133, 134, 137, 138, 139, 142, 143, 144, 145, 147, 148, 150, 151, 153, 154, 156, 160, 162, 165, 166, 167, 170, 171, 173, 174, 175, 176, 179, 180, 182, 184, 185, 186, 187, 189, 192, 193, 194, 197, 198, 199, 201, 209, 210, 215, 217, 218, 219, 221, 222, 223, 232, 234, 236, 237, 240, 242, 243, 249, 251, 252, 265, 268, 271, 272, 279, 280, 287, 288, 296, 297, 368, 369, 390], "summary": {"covered_lines": 124, "num_statements": 166, "percent_covered": 71.21212121212122, "percent_covered_display": "71", "missing_lines": 42, "excluded_lines": 0, "num_branches": 32, "num_partial_branches": 1, "covered_branches": 17, "missing_branches": 15}, "missing_lines": [274, 275, 276, 282, 283, 284, 290, 291, 293, 299, 300, 301, 302, 305, 307, 308, 309, 312, 313, 314, 316, 317, 323, 335, 337, 338, 342, 343, 344, 349, 357, 363, 365, 377, 378, 380, 382, 383, 384, 386, 387, 391], "excluded_lines": [], "executed_branches": [[36, 37], [36, 39], [133, 134], [133, 137], [143, 144], [143, 147], [153, 154], [153, 156], [165, 166], [165, 170], [179, -162], [179, 180], [218, 219], [218, 234], [221, 218], [221, 222], [390, -1]], "missing_branches": [[307, 308], [307, 365], [308, 309], [308, 312], [313, 314], [313, 316], [323, 335], [323, 337], [337, 307], [337, 338], [342, 337], [342, 343], [382, 383], [382, 386], [390, 391]], "functions": {"setup_logging": {"executed_lines": [36, 37, 39, 47, 48, 49], "summary": {"covered_lines": 6, "num_statements": 6, "percent_covered": 100.0, "percent_covered_display": "100", "missing_lines": 0, "excluded_lines": 0, "num_branches": 2, "num_partial_branches": 0, "covered_branches": 2, "missing_branches": 0}, "missing_lines": [], "excluded_lines": [], "executed_branches": [[36, 37], [36, 39]], "missing_branches": []}, "AILanguageServer.__init__": {"executed_lines": [79, 80, 81, 82, 83, 84, 86, 120], "summary": {"covered_lines": 8, "num_statements": 8, "percent_covered": 100.0, "percent_covered_display": "100", "missing_lines": 0, "excluded_lines": 0, "num_branches": 0, "num_partial_branches": 0, "covered_branches": 0, "missing_branches": 0}, "missing_lines": [], "excluded_lines": [], "executed_branches": [], "missing_branches": []}, "AILanguageServer.find_snippet_in_text": {"executed_lines": [126, 127, 130, 131, 132, 133, 134, 137, 138, 139, 142, 143, 144, 145, 147, 148, 150, 151, 153, 154, 156, 160], "summary": {"covered_lines": 22, "num_statements": 22, "percent_covered": 100.0, "percent_covered_display": "100", "missing_lines": 0, "excluded_lines": 0, "num_branches": 6, "num_partial_branches": 0, "covered_branches": 6, "missing_branches": 0}, "missing_lines": [], "excluded_lines": [], "executed_branches": [[133, 134], [133, 137], [143, 144], [143, 147], [153, 154], [153, 156]], "missing_branches": []}, "AILanguageServer.debounced_analyze": {"executed_lines": [165, 166, 167, 170, 171, 173, 174, 175, 176, 179, 180], "summary": {"covered_lines": 11, "num_statements": 11, "percent_covered": 100.0, "percent_covered_display": "100", "missing_lines": 0, "excluded_lines": 0, "num_branches": 4, "num_partial_branches": 0, "covered_branches": 4, "missing_branches": 0}, "missing_lines": [], "excluded_lines": [], "executed_branches": [[165, 166], [165, 170], [179, -162], [179, 180]], "missing_branches": []}, "AILanguageServer._delayed_analyze": {"executed_lines": [184, 185, 186, 187], "summary": {"covered_lines": 4, "num_statements": 4, "percent_covered": 100.0, "percent_covered_display": "100", "missing_lines": 0, "excluded_lines": 0, "num_branches": 0, "num_partial_branches": 0, "covered_branches": 0, "missing_branches": 0}, "missing_lines": [], "excluded_lines": [], "executed_branches": [], "missing_branches": []}, "AILanguageServer.analyze_document": {"executed_lines": [192, 193, 194, 197, 198, 199, 201, 209, 210, 215, 217, 218, 219, 221, 222, 223, 232, 234, 236, 237, 240], "summary": {"covered_lines": 21, "num_statements": 21, "percent_covered": 100.0, "percent_covered_display": "100", "missing_lines": 0, "excluded_lines": 0, "num_branches": 4, "num_partial_branches": 0, "covered_branches": 4, "missing_branches": 0}, "missing_lines": [], "excluded_lines": [], "executed_branches": [[218, 219], [218, 234], [221, 218], [221, 222]], "missing_branches": []}, "AILanguageServer._get_diagnostic_severity": {"executed_lines": [243, 249], "summary": {"covered_lines": 2, "num_statements": 2, "percent_covered": 100.0, "percent_covered_display": "100", "missing_lines": 0, "excluded_lines": 0, "num_branches": 0, "num_partial_branches": 0, "covered_branches": 0, "missing_branches": 0}, "missing_lines": [], "excluded_lines": [], "executed_branches": [], "missing_branches": []}, "AILanguageServer._detect_language": {"executed_lines": [252, 265], "summary": {"covered_lines": 2, "num_statements": 2, "percent_covered": 100.0, "percent_covered_display": "100", "missing_lines": 0, "excluded_lines": 0, "num_branches": 0, "num_partial_branches": 0, "covered_branches": 0, "missing_branches": 0}, "missing_lines": [], "excluded_lines": [], "executed_branches": [], "missing_branches": []}, "did_open": {"executed_lines": [], "summary": {"covered_lines": 0, "num_statements": 3, "percent_covered": 0.0, "percent_covered_display": "0", "missing_lines": 3, "excluded_lines": 0, "num_branches": 0, "num_partial_branches": 0, "covered_branches": 0, "missing_branches": 0}, "missing_lines": [274, 275, 276], "excluded_lines": [], "executed_branches": [], "missing_branches": []}, "did_save": {"executed_lines": [], "summary": {"covered_lines": 0, "num_statements": 3, "percent_covered": 0.0, "percent_covered_display": "0", "missing_lines": 3, "excluded_lines": 0, "num_branches": 0, "num_partial_branches": 0, "covered_branches": 0, "missing_branches": 0}, "missing_lines": [282, 283, 284], "excluded_lines": [], "executed_branches": [], "missing_branches": []}, "did_change": {"executed_lines": [], "summary": {"covered_lines": 0, "num_statements": 3, "percent_covered": 0.0, "percent_covered_display": "0", "missing_lines": 3, "excluded_lines": 0, "num_branches": 0, "num_partial_branches": 0, "covered_branches": 0, "missing_branches": 0}, "missing_lines": [290, 291, 293], "excluded_lines": [], "executed_branches": [], "missing_branches": []}, "code_action": {"executed_lines": [], "summary": {"covered_lines": 0, "num_statements": 24, "percent_covered": 0.0, "percent_covered_display": "0", "missing_lines": 24, "excluded_lines": 0, "num_branches": 12, "num_partial_branches": 0,